year,month,upvotes,downvotes,total_votes,date,category,downvote_ratio,upvote_ratio
2019,1,1402109,179606,1778979,2019-01-01,pre-ChatGPT,0.1009601574835903,0.7881537668516604
2019,2,1330967,163161,1683463,2019-02-01,pre-ChatGPT,0.09691986102456662,0.7906125646955116
2019,3,1429894,182802,1821195,2019-03-01,pre-ChatGPT,0.10037475393903454,0.7851405258635127
2019,4,1338151,175380,1713160,2019-04-01,pre-ChatGPT,0.10237222442737398,0.7811010063274884
2019,5,1335515,166262,1695683,2019-05-01,pre-ChatGPT,0.09805016621620904,0.787597092145171
2019,6,1209638,153324,1537648,2019-06-01,pre-ChatGPT,0.09971332840806219,0.7866806967524427
2019,7,1312939,163040,1673640,2019-07-01,pre-ChatGPT,0.09741640974164098,0.7844811309481131
2019,8,1259387,158747,1602957,2019-08-01,pre-ChatGPT,0.09903384806953648,0.7856648681156139
2019,9,1207762,157969,1538418,2019-09-01,pre-ChatGPT,0.1026827559219926,0.7850675174107428
2019,10,1299520,152687,1637403,2019-10-01,pre-ChatGPT,0.09324949325242472,0.7936470129833645
2019,11,1274082,165993,1625225,2019-11-01,pre-ChatGPT,0.10213539663738867,0.7839419157347444
2019,12,1180630,159516,1517657,2019-12-01,pre-ChatGPT,0.10510675337049148,0.7779294003849354
2020,1,1310561,157275,1651848,2020-01-01,pre-ChatGPT,0.09521154488790737,0.7933907962475967
2020,2,1239749,151580,1567243,2020-02-01,pre-ChatGPT,0.09671761175516497,0.7910381478813432
2020,3,1268136,159522,1614822,2020-03-01,pre-ChatGPT,0.0987861200801079,0.7853100837120128
2020,4,1423919,167310,1800702,2020-04-01,pre-ChatGPT,0.09291376363218345,0.7907577156020263
2020,5,1464093,176666,1856177,2020-05-01,pre-ChatGPT,0.09517734569494181,0.788767989259645
2020,6,1389019,170276,1760686,2020-06-01,pre-ChatGPT,0.0967100323396676,0.7889078461463316
2020,7,1346391,184446,1740815,2020-07-01,pre-ChatGPT,0.10595382048063694,0.7734256655646924
2020,8,1238352,174893,1602575,2020-08-01,pre-ChatGPT,0.10913248989906868,0.7727263934605245
2020,9,1236563,171799,1588404,2020-09-01,pre-ChatGPT,0.10815825193086898,0.7784940103399387
2020,10,1279146,172620,1638769,2020-10-01,pre-ChatGPT,0.10533516316210521,0.7805529638405413
2020,11,1216453,161741,1555577,2020-11-01,pre-ChatGPT,0.10397492377426511,0.7819947196442221
2020,12,1204009,170424,1552071,2020-12-01,pre-ChatGPT,0.10980425508884581,0.7757435065792737
2021,1,1258210,170877,1608026,2021-01-01,pre-ChatGPT,0.10626507282842441,0.7824562538167915
2021,2,1207688,154463,1529467,2021-02-01,pre-ChatGPT,0.10099139111860538,0.7896136366459688
2021,3,1327045,179114,1686413,2021-03-01,pre-ChatGPT,0.10621004463319483,0.7869039197397079
2021,4,1220952,173605,1566017,2021-04-01,pre-ChatGPT,0.11085767268171419,0.7796543715681248
2021,5,1188621,170511,1527431,2021-05-01,pre-ChatGPT,0.11163253855656982,0.7781831061435835
2021,6,1178420,161578,1500816,2021-06-01,pre-ChatGPT,0.10766009957249922,0.785186192044861
2021,7,1133378,155647,1441686,2021-07-01,pre-ChatGPT,0.10796178918294275,0.7861476077315033
2021,8,1130495,159759,1448203,2021-08-01,pre-ChatGPT,0.11031533562628996,0.7806191535302717
2021,9,1124507,162783,1442271,2021-09-01,pre-ChatGPT,0.11286575130471319,0.7796780216755381
2021,10,1118222,158627,1433004,2021-10-01,pre-ChatGPT,0.11069543420674331,0.7803341791090604
2021,11,1117907,166868,1435915,2021-11-01,pre-ChatGPT,0.11621022135711376,0.7785328518749369
2021,12,1048321,161927,1350757,2021-12-01,pre-ChatGPT,0.119878705052056,0.7760988838110778
2022,1,1130903,169062,1442240,2022-01-01,pre-ChatGPT,0.1172218216108276,0.784129548480142
2022,2,1045905,144843,1321097,2022-02-01,pre-ChatGPT,0.10963842927506459,0.7916943267602606
2022,3,1088468,152695,1384809,2022-03-01,pre-ChatGPT,0.11026430359710256,0.7860058679572418
2022,4,1011055,148316,1302019,2022-04-01,pre-ChatGPT,0.11391231617971781,0.7765286067254011
2022,5,1039605,170910,1362314,2022-05-01,pre-ChatGPT,0.12545565853393564,0.7631170200115391
2022,6,1022767,160998,1327474,2022-06-01,pre-ChatGPT,0.12128147142618236,0.7704610410448717
2022,7,1004856,158027,1300377,2022-07-01,pre-ChatGPT,0.12152398881247516,0.7727420586491456
2022,8,1041680,163720,1347895,2022-08-01,pre-ChatGPT,0.1214634671098268,0.7728198413081138
2022,9,987522,159213,1279426,2022-09-01,pre-ChatGPT,0.12444096024310902,0.771847687947564
2022,10,969795,165674,1271669,2022-10-01,pre-ChatGPT,0.13028075702089145,0.7626159008358308
2022,11,984560,162735,1280927,2022-11-01,post-ChatGPT,0.12704471058850347,0.7686308431315758
2022,12,892906,155717,1194061,2022-12-01,post-ChatGPT,0.13040958543993983,0.7477892670474959
2023,1,961901,155412,1252871,2023-01-01,post-ChatGPT,0.12404469414648435,0.7677574147697568
2023,2,870222,138627,1126726,2023-02-01,post-ChatGPT,0.12303523660588289,0.77234571670486
2023,3,904204,143008,1169355,2023-03-01,post-ChatGPT,0.12229647968324418,0.7732502105861778
2023,4,720531,117320,939254,2023-04-01,post-ChatGPT,0.12490763946706641,0.7671311487627415
2023,5,745613,115415,961681,2023-05-01,post-ChatGPT,0.12001380915293117,0.7753225861798247
2023,6,690428,90431,855513,2023-06-01,post-ChatGPT,0.10570382916448962,0.8070339083099848
2023,7,667375,98339,842505,2023-07-01,post-ChatGPT,0.11672215595159673,0.7921317974374039
2023,8,683945,109894,882438,2023-08-01,post-ChatGPT,0.1245345282048144,0.775062950598229
2023,9,625252,101832,803304,2023-09-01,post-ChatGPT,0.1267664545427385,0.778350412795156
2023,10,638494,102964,820300,2023-10-01,post-ChatGPT,0.12551993173229306,0.7783664512983055
2023,11,630051,102423,807653,2023-11-01,post-ChatGPT,0.12681560026397476,0.7801011077777213
2023,12,534753,98854,702150,2023-12-01,post-ChatGPT,0.14078758100121055,0.7615936765648366
2024,1,607652,99872,776422,2024-01-01,post-ChatGPT,0.1286310794902772,0.7826310949457898
2024,2,581355,94367,744192,2024-02-01,post-ChatGPT,0.1268046418128655,0.7811895317337462
2024,3,583303,99289,758450,2024-03-01,post-ChatGPT,0.13091040938756676,0.7690724503922474
2024,4,556682,92169,720412,2024-04-01,post-ChatGPT,0.12793929029499787,0.7727272727272727
2024,5,552501,91041,712977,2024-05-01,post-ChatGPT,0.12769135610265128,0.7749212106421385
2024,6,478592,77880,611280,2024-06-01,post-ChatGPT,0.12740478994895957,0.7829341709200367
2024,7,484118,79041,618881,2024-07-01,post-ChatGPT,0.12771599063471006,0.7822473141040038
2024,8,452488,75241,581912,2024-08-01,post-ChatGPT,0.1292996191864062,0.7775883638763249
2024,9,426445,67505,542345,2024-09-01,post-ChatGPT,0.12446874222127981,0.7862983894015801
2024,10,420681,62512,532768,2024-10-01,post-ChatGPT,0.11733437443690312,0.7896138656976395
2024,11,370819,54157,464953,2024-11-01,post-ChatGPT,0.11647843975627645,0.7975408267072156
2024,12,327381,52849,416083,2024-12-01,post-ChatGPT,0.12701552334510183,0.7868165726549751
2025,1,363826,58852,459979,2025-01-01,post-ChatGPT,0.1279449714008683,0.7909621961002568
2025,2,325554,51910,411135,2025-02-01,post-ChatGPT,0.12626023082442506,0.7918420956620088
2025,3,307342,57224,400916,2025-03-01,post-ChatGPT,0.14273314110686527,0.7665994871743707
2025,4,245408,53482,330989,2025-04-01,post-ChatGPT,0.1615824090830813,0.7414385372323552
2025,5,213456,50656,296540,2025-05-01,post-ChatGPT,0.17082349767316382,0.7198219464490456
2025,6,176911,44664,250417,2025-06-01,post-ChatGPT,0.1783584980252938,0.7064656153535902
2025,7,170039,39205,233237,2025-07-01,post-ChatGPT,0.16809082606962017,0.7290395606185982
2025,8,146639,31967,197015,2025-08-01,post-ChatGPT,0.16225668096337842,0.7443037332182829
2025,9,159669,39512,218599,2025-09-01,post-ChatGPT,0.18075105558579865,0.7304196268052461
2025,10,166972,38668,224543,2025-10-01,post-ChatGPT,0.17220755044690772,0.7436081285099068
2025,11,139902,32694,188971,2025-11-01,post-ChatGPT,0.1730106735954194,0.7403358187235078
2025,12,119763,30292,165446,2025-12-01,post-ChatGPT,0.18309297293376692,0.7238796948853402
2026,1,118298,31695,164776,2026-01-01,post-ChatGPT,0.1923520415594504,0.7179322231392922
2026,2,53082,12661,71813,2026-02-01,post-ChatGPT,0.1763051258128751,0.7391697881999081
